{"cameraMode":{"drawMode":0,"name":"Shaded","section":"Shading Mode"},"sceneLighting":true,"audioPlay":false,"sceneViewState":{"m_AlwaysRefresh":false,"showFog":true,"showSkybox":true,"showFlares":true,"showImageEffects":true,"showParticleSystems":true,"showVisualEffectGraphs":true,"m_FxEnabled":true},"in2DMode":false,"pivot":{"x":490.1205139160156,"y":-21.46715545654297,"z":523.8795776367188},"rotation":{"x":0.30735334753990176,"y":-0.05247895419597626,"z":0.01697705313563347,"w":0.9500133395195007},"size":36.834022521972659,"orthographic":false}