{"cameraMode":{"drawMode":0,"name":"Shaded","section":"Shading Mode"},"sceneLighting":true,"audioPlay":false,"sceneViewState":{"m_AlwaysRefresh":false,"showFog":true,"showSkybox":true,"showFlares":true,"showImageEffects":true,"showParticleSystems":true,"showVisualEffectGraphs":true,"m_FxEnabled":true},"in2DMode":false,"pivot":{"x":486.87677001953127,"y":-0.7202644348144531,"z":566.3411254882813},"rotation":{"x":-0.04625602439045906,"y":-0.9520201086997986,"z":0.24146561324596406,"w":-0.18235915899276734},"size":26.265615463256837,"orthographic":false}